category-labs/monad	"compiler" "interpreter" mismatch	github/category-labs_monad__compiler___interpreter__mismatch.json
category-labs/monad	"state root" divergence	github/category-labs_monad__state_root__divergence.json
category-labs/monad	"state root" mismatch	github/category-labs_monad__state_root__mismatch.json
category-labs/monad	"MONAD_TEN" compiler	github/category-labs_monad__MONAD_TEN__compiler.json
category-labs/monad	"MONAD_NINE" compiler	github/category-labs_monad__MONAD_NINE__compiler.json
category-labs/monad	"page-encoded" mismatch	github/category-labs_monad__page-encoded__mismatch.json
category-labs/monad	"slot-encoded" mismatch	github/category-labs_monad__slot-encoded__mismatch.json
category-labs/monad	"MIP-8" state root	github/category-labs_monad__MIP-8__state_root.json
category-labs/monad	"undefined behavior" VM	github/category-labs_monad__undefined_behavior__VM.json
category-labs/monad	AddressSanitizer VM	github/category-labs_monad_AddressSanitizer_VM.json
category-labs/monad	execution nondeterminism	github/category-labs_monad_execution_nondeterminism.json
category-labs/monad	parallel execution state root	github/category-labs_monad_parallel_execution_state_root.json
category-labs/monad-bft	"compiler" "interpreter" mismatch	github/category-labs_monad-bft__compiler___interpreter__mismatch.json
category-labs/monad-bft	"state root" divergence	github/category-labs_monad-bft__state_root__divergence.json
category-labs/monad-bft	"state root" mismatch	github/category-labs_monad-bft__state_root__mismatch.json
category-labs/monad-bft	"MONAD_TEN" compiler	github/category-labs_monad-bft__MONAD_TEN__compiler.json
category-labs/monad-bft	"MONAD_NINE" compiler	github/category-labs_monad-bft__MONAD_NINE__compiler.json
category-labs/monad-bft	"page-encoded" mismatch	github/category-labs_monad-bft__page-encoded__mismatch.json
category-labs/monad-bft	"slot-encoded" mismatch	github/category-labs_monad-bft__slot-encoded__mismatch.json
category-labs/monad-bft	"MIP-8" state root	github/category-labs_monad-bft__MIP-8__state_root.json
category-labs/monad-bft	"undefined behavior" VM	github/category-labs_monad-bft__undefined_behavior__VM.json
category-labs/monad-bft	AddressSanitizer VM	github/category-labs_monad-bft_AddressSanitizer_VM.json
category-labs/monad-bft	execution nondeterminism	github/category-labs_monad-bft_execution_nondeterminism.json
category-labs/monad-bft	parallel execution state root	github/category-labs_monad-bft_parallel_execution_state_root.json
